drink_size,drink_type,drink_milk,Drink_Type,drink_calories,drink_price,class
Small,Cappucino,2%,Small-Cappucino-2%,110,3.35,0
Medium,Cappucino,skim,Medium-Cappucino-skim,110,3.95,0
Small,Cappucino,skim,Small-Cappucino-skim,70,3.35,0
Small,Latte,skim,Small-Latte-skim,100,3.35,0
Medium,Icepresso, ,Medium-Icepresso- ,270,4.35,1
Medium,Chocolate Chiller,2%,Medium-Chocolate Chiller-2%,270,4.35,1
Medium,Chocolate Chiller,skim,Medium-Chocolate Chiller-skim,240,4.35,1
Small,Hot Chocolate,2%,Small-Hot Chocolate-2%,290,3.05,1
Small,Hazelnut Latte,2%,Small-Hazelnut Latte-2%,240,3.75,1
Small,Chai Latte,2%,Small-Chai Latte-2%,290,3.65,1
Large,Passionfruit Green Tea Chiller, ,Large-Passionfruit Green Tea Chiller- ,280,4.95,1
Small,Tea, ,Small-Tea- ,1,1.75,2
Large,Tea, ,Large-Tea- ,1,2.15,2
Small,Drip Coffee, ,Small-Drip Coffee,4,1.75,2
Large,Drip Coffee, ,Large-Drip Coffee,5,2.35,2
Medium,Drip Coffee, ,Medium-Drip Coffee,5,2.05,2
Medium,Tea, ,Medium-Tea- ,1,1.95,2
Medium,Cappucino,2%,Medium-Cappucino-2%,150,3.95,3
Small,Icepresso, ,Small-Icepresso- ,210,3.95,3
Medium,Latte,2%,Medium-Latte-2%,180,3.94,3
Large,Latte,2%,Large-Latte-2%,220,4.35,3
Large,Latte,skim,Large-Latte-skim,170,4.35,3
Small,Latte,2%,Small-Latte-2%,140,3.35,3
Small,Passionfruit Green Tea Chiller, ,Small-Passionfruit Green Tea Chiller- ,140,3.95,3
Medium,Passionfruit Green Tea Chiller, ,Medium-Passionfruit Green Tea Chiller- ,190,4.35,3
Small,Chocolate Chiller,skim,Small-Chocolate Chiller-skim,170,3.95,3
Small,Chocolate Chiller,2%,Small-Chocolate Chiller-2%,190,3.95,3
Medium,Hot Chocolate,2%,Medium-Hot Chocolate-2%,380,3.45,4
Medium,Chai Latte,2%,Medium-Chai Latte-2%,420,4.25,4
Large,Hot Chocolate,2%,Large-Hot Chocolate-2%,460,3.85,4
Medium,Chai Latte,skim,Medium-Chai Latte-skim,360,4.25,4
Medium,Hazelnut Latte,2%,Medium-Hazelnut Latte-2%,390,4.25,4
Medium,Hot Chocolate,skim,Medium-Hot Chocolate-skim,340,3.45,4
Large,Icepresso, ,Large-Icepresso- ,410,4.95,4
Large,Hot Chocolate,skim,Large-Hot Chocolate-skim,420,3.85,4
